timeAddFromEnd test,
Number Of,Time(ms),
1000000,16,
2000000,26,
3000000,42,
4000000,57,
5000000,72,
6000000,84,
7000000,98,
8000000,112,
9000000,127,
10000000,141,
11000000,151,
12000000,169,
13000000,183,
14000000,197,
15000000,210,
16000000,223,
17000000,237,
18000000,250,
19000000,265,
20000000,280,
21000000,292,
22000000,307,
23000000,320,
24000000,335,
25000000,348,
26000000,362,
27000000,376,
28000000,386,
29000000,402,
30000000,416,
31000000,429,
32000000,446,
33000000,459,
34000000,480,
35000000,488,
36000000,503,
37000000,511,
38000000,525,
39000000,543,
40000000,558,
41000000,573,
42000000,583,
43000000,597,
44000000,610,
45000000,629,
46000000,641,
47000000,658,
48000000,671,
49000000,684,
50000000,699,
51000000,714,
52000000,721,
53000000,740,
54000000,755,
55000000,766,
56000000,779,
57000000,790,
58000000,810,
59000000,824,
60000000,834,
61000000,849,
62000000,862,
63000000,881,
64000000,890,
65000000,854,
66000000,923,
67000000,885,
68000000,948,
69000000,963,
70000000,970,
71000000,987,
72000000,998,
73000000,1011,
74000000,1023,
75000000,1051,
76000000,1054,
77000000,1061,
78000000,1082,
79000000,1089,
80000000,1101,
81000000,1119,
82000000,1132,
83000000,1147,
84000000,1155,
85000000,1171,
86000000,1187,
87000000,1198,
88000000,1206,
89000000,1219,
90000000,1239,
91000000,1251,
92000000,1263,
93000000,1269,
94000000,1287,
95000000,1320,
96000000,1328,
97000000,1325,
98000000,1346,
99000000,1375,
100000000,1396,
